sveitarfelag,ar,mannfjoldi,mannfjoldi_leiksk,mannfjoldi_skol
Reykjavíkurborg,1998,107341,10239,19315
Reykjavíkurborg,1999,108484,10059,19404
Reykjavíkurborg,2000,109887,9954,19575
Reykjavíkurborg,2001,111544,9965,19778
Reykjavíkurborg,2002,112411,9883,19681
Reykjavíkurborg,2003,112554,9634,19628
Reykjavíkurborg,2004,113288,9632,19691
Reykjavíkurborg,2005,113848,9586,19798
Reykjavíkurborg,2006,114968,9631,19842
Reykjavíkurborg,2007,116642,9572,19817
Reykjavíkurborg,2008,118827,9572,19606
Reykjavíkurborg,2009,119547,9825,19359
Reykjavíkurborg,2010,118326,10082,18900
Reykjavíkurborg,2011,118898,10258,18778
Reykjavíkurborg,2012,118814,10140,18528
Reykjavíkurborg,2013,119764,10308,18507
Reykjavíkurborg,2014,121230,10299,18704
Reykjavíkurborg,2015,121822,10121,18772
Reykjavíkurborg,2016,122460,9713,18905
Reykjavíkurborg,2017,123246,9353,19109
Reykjavíkurborg,2018,126041,9103,19226
Reykjavíkurborg,2019,128793,8911,19409
Reykjavíkurborg,2020,131136,8903,19562
Reykjavíkurborg,2021,133262,9033,19876
Reykjavíkurborg,2022,135688,9234,19991
Reykjavíkurborg,2023,139875,9337,20500
Kópavogsbær,1998,19867,1984,4021
Kópavogsbær,1999,21508,2194,4255
Kópavogsbær,2000,22693,2258,4463
Kópavogsbær,2001,23647,2315,4617
Kópavogsbær,2002,24291,2292,4682
Kópavogsbær,2003,25016,2368,4746
Kópavogsbær,2004,25352,2378,4827
Kópavogsbær,2005,25803,2396,4951
Kópavogsbær,2006,26512,2417,5076
Kópavogsbær,2007,27525,2522,5158
Kópavogsbær,2008,28885,2644,5245
Kópavogsbær,2009,29976,2813,5368
Kópavogsbær,2010,30357,2988,5428
Kópavogsbær,2011,30779,3033,5538
Kópavogsbær,2012,31205,3035,5652
Kópavogsbær,2013,31726,3078,5702
Kópavogsbær,2014,32308,3087,5803
Kópavogsbær,2015,33205,3043,5956
Kópavogsbær,2016,34140,2943,6146
Kópavogsbær,2017,35246,2890,6333
Kópavogsbær,2018,35970,2812,6371
Kópavogsbær,2019,36975,2759,6445
Kópavogsbær,2020,37959,2750,6519
Kópavogsbær,2021,38332,2830,6589
Kópavogsbær,2022,38998,2891,6643
Kópavogsbær,2023,39810,2889,6705
Seltjarnarnesbær,1998,4602,400,976
Seltjarnarnesbær,1999,4698,393,978
Seltjarnarnesbær,2000,4665,349,997
Seltjarnarnesbær,2001,4673,333,1000
Seltjarnarnesbær,2002,4659,339,971
Seltjarnarnesbær,2003,4608,313,1011
Seltjarnarnesbær,2004,4577,299,1010
Seltjarnarnesbær,2005,4548,301,990
Seltjarnarnesbær,2006,4471,278,957
Seltjarnarnesbær,2007,4471,290,943
Seltjarnarnesbær,2008,4454,296,897
Seltjarnarnesbær,2009,4403,275,852
Seltjarnarnesbær,2010,4395,269,831
Seltjarnarnesbær,2011,4320,265,798
Seltjarnarnesbær,2012,4313,267,774
Seltjarnarnesbær,2013,4322,273,748
Seltjarnarnesbær,2014,4381,297,751
Seltjarnarnesbær,2015,4411,279,765
Seltjarnarnesbær,2016,4415,288,716
Seltjarnarnesbær,2017,4450,293,738
Seltjarnarnesbær,2018,4575,330,740
Seltjarnarnesbær,2019,4664,348,774
Seltjarnarnesbær,2020,4726,348,784
Seltjarnarnesbær,2021,4715,348,798
Seltjarnarnesbær,2022,4720,342,821
Seltjarnarnesbær,2023,4674,336,806
Garðabær,1998,9216,804,2125
Garðabær,1999,9316,811,2094
Garðabær,2000,9378,776,2115
Garðabær,2001,9611,761,2127
Garðabær,2002,10213,811,2237
Garðabær,2003,10475,838,2295
Garðabær,2004,10764,863,2366
Garðabær,2005,11085,937,2393
Garðabær,2006,11649,1029,2494
Garðabær,2007,11832,1031,2468
Garðabær,2008,12360,1044,2521
Garðabær,2009,12876,1092,2582
Garðabær,2010,13166,1134,2603
Garðabær,2011,13393,1179,2643
Garðabær,2012,13702,1197,2687
Garðabær,2013,13872,1190,2686
Garðabær,2014,14180,1211,2718
Garðabær,2015,14453,1199,2798
Garðabær,2016,14717,1148,2878
Garðabær,2017,15230,1093,3023
Garðabær,2018,15709,1097,3093
Garðabær,2019,16299,1178,3146
Garðabær,2020,16924,1262,3196
Garðabær,2021,17693,1366,3256
Garðabær,2022,18445,1542,3295
Garðabær,2023,18891,1612,3310
Hafnarfjarðarkaupstaður,1998,18196,1945,4157
Hafnarfjarðarkaupstaður,1999,18656,1980,4203
Hafnarfjarðarkaupstaður,2000,19158,1939,4315
Hafnarfjarðarkaupstaður,2001,19688,1976,4419
Hafnarfjarðarkaupstaður,2002,20264,1997,4522
Hafnarfjarðarkaupstaður,2003,20720,1982,4579
Hafnarfjarðarkaupstaður,2004,21207,2018,4641
Hafnarfjarðarkaupstaður,2005,22000,2151,4747
Hafnarfjarðarkaupstaður,2006,22498,2181,4815
Hafnarfjarðarkaupstaður,2007,23751,2251,5054
Hafnarfjarðarkaupstaður,2008,25036,2369,5098
Hafnarfjarðarkaupstaður,2009,25850,2522,5105
Hafnarfjarðarkaupstaður,2010,25913,2546,5068
Hafnarfjarðarkaupstaður,2011,26099,2569,5092
Hafnarfjarðarkaupstaður,2012,26486,2640,5123
Hafnarfjarðarkaupstaður,2013,26808,2598,5144
Hafnarfjarðarkaupstaður,2014,27357,2594,5189
Hafnarfjarðarkaupstaður,2015,27875,2558,5255
Hafnarfjarðarkaupstaður,2016,28189,2413,5341
Hafnarfjarðarkaupstaður,2017,28703,2331,5432
Hafnarfjarðarkaupstaður,2018,29412,2320,5488
Hafnarfjarðarkaupstaður,2019,29799,2263,5539
Hafnarfjarðarkaupstaður,2020,29971,2215,5524
Hafnarfjarðarkaupstaður,2021,29687,2189,5464
Hafnarfjarðarkaupstaður,2022,29763,2201,5410
Hafnarfjarðarkaupstaður,2023,30568,2268,5478
Mosfellsbær,1998,5246,544,1284
Mosfellsbær,1999,5540,573,1365
Mosfellsbær,2000,5869,638,1411
Mosfellsbær,2001,6113,649,1450
Mosfellsbær,2002,6323,637,1511
Mosfellsbær,2003,6473,663,1523
Mosfellsbær,2004,6589,652,1543
Mosfellsbær,2005,6817,689,1569
Mosfellsbær,2006,7165,710,1625
Mosfellsbær,2007,7516,729,1692
Mosfellsbær,2008,8192,770,1745
Mosfellsbær,2009,8403,816,1818
Mosfellsbær,2010,8553,849,1856
Mosfellsbær,2011,8642,856,1861
Mosfellsbær,2012,8854,895,1882
Mosfellsbær,2013,8978,880,1894
Mosfellsbær,2014,9075,827,1924
Mosfellsbær,2015,9300,822,1974
Mosfellsbær,2016,9481,788,2012
Mosfellsbær,2017,9783,763,2075
Mosfellsbær,2018,10556,805,2215
Mosfellsbær,2019,11463,871,2310
Mosfellsbær,2020,12073,977,2340
Mosfellsbær,2021,12589,1024,2449
Mosfellsbær,2022,13024,1066,2490
Mosfellsbær,2023,13430,1106,2481
Kjósarhreppur,1998,138,7,34
Kjósarhreppur,1999,142,8,32
Kjósarhreppur,2000,142,8,30
Kjósarhreppur,2001,151,8,33
Kjósarhreppur,2002,140,7,31
Kjósarhreppur,2003,146,6,33
Kjósarhreppur,2004,140,4,30
Kjósarhreppur,2005,143,5,30
Kjósarhreppur,2006,163,6,36
Kjósarhreppur,2007,182,9,36
Kjósarhreppur,2008,191,8,39
Kjósarhreppur,2009,196,9,37
Kjósarhreppur,2010,197,9,36
Kjósarhreppur,2011,210,11,35
Kjósarhreppur,2012,220,6,37
Kjósarhreppur,2013,205,5,28
Kjósarhreppur,2014,221,9,33
Kjósarhreppur,2015,216,9,33
Kjósarhreppur,2016,217,9,26
Kjósarhreppur,2017,220,9,27
Kjósarhreppur,2018,221,7,28
Kjósarhreppur,2019,238,8,32
Kjósarhreppur,2020,245,10,35
Kjósarhreppur,2021,250,11,30
Kjósarhreppur,2022,244,12,27
Kjósarhreppur,2023,285,12,31
Reykjanesbær,1998,10405,1092,2282
Reykjanesbær,1999,10443,1078,2252
Reykjanesbær,2000,10624,1044,2291
Reykjanesbær,2001,10856,1040,2274
Reykjanesbær,2002,10937,1021,2282
Reykjanesbær,2003,10923,1010,2299
Reykjanesbær,2004,10908,993,2266
Reykjanesbær,2005,10952,989,2274
Reykjanesbær,2006,11367,992,2413
Reykjanesbær,2007,11952,1015,2430
Reykjanesbær,2008,13440,1205,2604
Reykjanesbær,2009,14172,1318,2724
Reykjanesbær,2010,14091,1320,2737
Reykjanesbær,2011,13971,1311,2748
Reykjanesbær,2012,14137,1369,2737
Reykjanesbær,2013,14231,1370,2688
Reykjanesbær,2014,14527,1362,2711
Reykjanesbær,2015,14924,1404,2759
Reykjanesbær,2016,15233,1332,2789
Reykjanesbær,2017,16350,1373,2876
Reykjanesbær,2018,17805,1390,3040
Reykjanesbær,2019,18920,1438,3104
Reykjanesbær,2020,19421,1451,3142
Reykjanesbær,2021,19676,1475,3211
Reykjanesbær,2022,20416,1556,3355
Reykjanesbær,2023,22059,1615,3482
Grindavíkurbær,1998,2134,231,475
Grindavíkurbær,1999,2179,236,500
Grindavíkurbær,2000,2242,251,501
Grindavíkurbær,2001,2314,253,525
Grindavíkurbær,2002,2341,260,523
Grindavíkurbær,2003,2379,251,538
Grindavíkurbær,2004,2434,267,569
Grindavíkurbær,2005,2494,277,578
Grindavíkurbær,2006,2614,281,615
Grindavíkurbær,2007,2701,271,618
Grindavíkurbær,2008,2779,283,615
Grindavíkurbær,2009,2850,295,637
Grindavíkurbær,2010,2837,287,609
Grindavíkurbær,2011,2821,269,616
Grindavíkurbær,2012,2830,272,599
Grindavíkurbær,2013,2860,294,586
Grindavíkurbær,2014,2888,289,565
Grindavíkurbær,2015,2995,283,585
Grindavíkurbær,2016,3126,317,604
Grindavíkurbær,2017,3218,316,613
Grindavíkurbær,2018,3323,304,636
Grindavíkurbær,2019,3427,288,658
Grindavíkurbær,2020,3512,291,672
Grindavíkurbær,2021,3539,284,684
Grindavíkurbær,2022,3585,273,705
Grindavíkurbær,2023,3669,270,703
Sveitarfélagið Vogar,1998,716,82,175
Sveitarfélagið Vogar,1999,715,88,169
Sveitarfélagið Vogar,2000,732,88,161
Sveitarfélagið Vogar,2001,784,93,185
Sveitarfélagið Vogar,2002,839,99,202
Sveitarfélagið Vogar,2003,866,96,216
Sveitarfélagið Vogar,2004,932,97,240
Sveitarfélagið Vogar,2005,937,86,244
Sveitarfélagið Vogar,2006,1019,95,259
Sveitarfélagið Vogar,2007,1112,100,277
Sveitarfélagið Vogar,2008,1231,134,280
Sveitarfélagið Vogar,2009,1218,131,277
Sveitarfélagið Vogar,2010,1206,133,266
Sveitarfélagið Vogar,2011,1161,130,243
Sveitarfélagið Vogar,2012,1126,130,243
Sveitarfélagið Vogar,2013,1105,116,243
Sveitarfélagið Vogar,2014,1127,92,256
Sveitarfélagið Vogar,2015,1102,78,245
Sveitarfélagið Vogar,2016,1148,74,255
Sveitarfélagið Vogar,2017,1206,83,256
Sveitarfélagið Vogar,2018,1268,92,248
Sveitarfélagið Vogar,2019,1286,81,229
Sveitarfélagið Vogar,2020,1308,81,223
Sveitarfélagið Vogar,2021,1331,82,218
Sveitarfélagið Vogar,2022,1354,77,221
Sveitarfélagið Vogar,2023,1396,82,219
Suðurnesjabær,1998,2460,256,676
Suðurnesjabær,1999,2522,245,671
Suðurnesjabær,2000,2508,243,659
Suðurnesjabær,2001,2577,240,666
Suðurnesjabær,2002,2613,247,647
Suðurnesjabær,2003,2634,247,625
Suðurnesjabær,2004,2679,247,625
Suðurnesjabær,2005,2727,257,617
Suðurnesjabær,2006,2915,273,641
Suðurnesjabær,2007,3147,296,677
Suðurnesjabær,2008,3209,296,656
Suðurnesjabær,2009,3304,328,675
Suðurnesjabær,2010,3225,316,660
Suðurnesjabær,2011,3135,313,630
Suðurnesjabær,2012,3149,310,619
Suðurnesjabær,2013,3010,289,559
Suðurnesjabær,2014,3018,275,553
Suðurnesjabær,2015,3005,273,555
Suðurnesjabær,2016,3002,265,541
Suðurnesjabær,2017,3219,274,580
Suðurnesjabær,2018,3374,276,606
Suðurnesjabær,2019,3480,287,596
Suðurnesjabær,2020,3588,287,647
Suðurnesjabær,2021,3649,294,646
Suðurnesjabær,2022,3753,284,672
Suðurnesjabær,2023,3925,285,697
Akraneskaupstaður,1998,5125,463,1168
Akraneskaupstaður,1999,5186,474,1154
Akraneskaupstaður,2000,5340,500,1148
Akraneskaupstaður,2001,5450,499,1170
Akraneskaupstaður,2002,5510,520,1161
Akraneskaupstaður,2003,5595,533,1168
Akraneskaupstaður,2004,5588,513,1174
Akraneskaupstaður,2005,5657,504,1197
Akraneskaupstaður,2006,5786,500,1240
Akraneskaupstaður,2007,5976,520,1237
Akraneskaupstaður,2008,6401,562,1313
Akraneskaupstaður,2009,6609,600,1343
Akraneskaupstaður,2010,6549,598,1333
Akraneskaupstaður,2011,6623,624,1322
Akraneskaupstaður,2012,6592,619,1312
Akraneskaupstaður,2013,6625,618,1314
Akraneskaupstaður,2014,6699,611,1334
Akraneskaupstaður,2015,6767,614,1339
Akraneskaupstaður,2016,6908,623,1356
Akraneskaupstaður,2017,7051,611,1368
Akraneskaupstaður,2018,7259,599,1375
Akraneskaupstaður,2019,7411,593,1386
Akraneskaupstaður,2020,7534,589,1409
Akraneskaupstaður,2021,7697,591,1440
Akraneskaupstaður,2022,7841,584,1452
Akraneskaupstaður,2023,7997,607,1489
Skorradalshreppur,1998,52,4,5
Skorradalshreppur,1999,53,4,9
Skorradalshreppur,2000,45,4,9
Skorradalshreppur,2001,47,3,8
Skorradalshreppur,2002,57,6,9
Skorradalshreppur,2003,65,9,9
Skorradalshreppur,2004,55,6,9
Skorradalshreppur,2005,64,6,11
Skorradalshreppur,2006,64,8,8
Skorradalshreppur,2007,56,5,9
Skorradalshreppur,2008,61,5,9
Skorradalshreppur,2009,57,5,12
Skorradalshreppur,2010,61,6,13
Skorradalshreppur,2011,57,4,12
Skorradalshreppur,2012,60,3,10
Skorradalshreppur,2013,57,4,8
Skorradalshreppur,2014,58,3,10
Skorradalshreppur,2015,62,2,11
Skorradalshreppur,2016,53,1,10
Skorradalshreppur,2017,58,2,10
Skorradalshreppur,2018,56,1,8
Skorradalshreppur,2019,58,2,8
Skorradalshreppur,2020,65,2,11
Skorradalshreppur,2021,66,4,7
Skorradalshreppur,2022,60,2,9
Skorradalshreppur,2023,75,5,13
Hvalfjarðarsveit,1998,545,44,149
Hvalfjarðarsveit,1999,538,41,142
Hvalfjarðarsveit,2000,547,43,149
Hvalfjarðarsveit,2001,555,35,150
Hvalfjarðarsveit,2002,557,32,155
Hvalfjarðarsveit,2003,548,31,149
Hvalfjarðarsveit,2004,562,38,143
Hvalfjarðarsveit,2005,560,38,145
Hvalfjarðarsveit,2006,605,40,148
Hvalfjarðarsveit,2007,608,44,132
Hvalfjarðarsveit,2008,686,54,141
Hvalfjarðarsveit,2009,641,49,141
Hvalfjarðarsveit,2010,624,52,128
Hvalfjarðarsveit,2011,617,46,123
Hvalfjarðarsveit,2012,627,46,116
Hvalfjarðarsveit,2013,610,51,104
Hvalfjarðarsveit,2014,617,51,101
Hvalfjarðarsveit,2015,635,46,106
Hvalfjarðarsveit,2016,622,50,111
Hvalfjarðarsveit,2017,636,53,110
Hvalfjarðarsveit,2018,648,47,116
Hvalfjarðarsveit,2019,638,36,119
Hvalfjarðarsveit,2020,625,34,102
Hvalfjarðarsveit,2021,647,43,110
Hvalfjarðarsveit,2022,687,42,117
Hvalfjarðarsveit,2023,765,48,118
Borgarbyggð,1998,3259,296,743
Borgarbyggð,1999,3297,292,745
Borgarbyggð,2000,3296,294,742
Borgarbyggð,2001,3353,291,754
Borgarbyggð,2002,3411,300,762
Borgarbyggð,2003,3413,272,765
Borgarbyggð,2004,3471,288,780
Borgarbyggð,2005,3446,297,769
Borgarbyggð,2006,3640,308,792
Borgarbyggð,2007,3710,310,808
Borgarbyggð,2008,3781,315,784
Borgarbyggð,2009,3744,311,755
Borgarbyggð,2010,3542,275,721
Borgarbyggð,2011,3476,275,694
Borgarbyggð,2012,3470,289,662
Borgarbyggð,2013,3469,272,643
Borgarbyggð,2014,3535,279,645
Borgarbyggð,2015,3539,270,650
Borgarbyggð,2016,3637,284,652
Borgarbyggð,2017,3677,274,629
Borgarbyggð,2018,3745,268,622
Borgarbyggð,2019,3807,268,609
Borgarbyggð,2020,3852,270,613
Borgarbyggð,2021,3758,266,592
Borgarbyggð,2022,3868,262,618
Borgarbyggð,2023,4090,277,629
Grundarfjarðarbær,1998,922,109,239
Grundarfjarðarbær,1999,936,104,248
Grundarfjarðarbær,2000,952,98,260
Grundarfjarðarbær,2001,949,100,250
Grundarfjarðarbær,2002,965,88,264
Grundarfjarðarbær,2003,969,85,267
Grundarfjarðarbær,2004,934,76,258
Grundarfjarðarbær,2005,938,69,257
Grundarfjarðarbær,2006,975,65,249
Grundarfjarðarbær,2007,949,65,227
Grundarfjarðarbær,2008,918,64,206
Grundarfjarðarbær,2009,925,62,198
Grundarfjarðarbær,2010,904,62,186
Grundarfjarðarbær,2011,903,69,169
Grundarfjarðarbær,2012,899,68,155
Grundarfjarðarbær,2013,905,70,143
Grundarfjarðarbær,2014,872,71,132
Grundarfjarðarbær,2015,900,75,128
Grundarfjarðarbær,2016,899,74,123
Grundarfjarðarbær,2017,869,74,109
Grundarfjarðarbær,2018,877,70,113
Grundarfjarðarbær,2019,866,66,122
Grundarfjarðarbær,2020,876,76,121
Grundarfjarðarbær,2021,862,60,130
Grundarfjarðarbær,2022,840,67,126
Grundarfjarðarbær,2023,861,68,135
Eyja- og Miklaholtshreppur,1998,122,4,28
Eyja- og Miklaholtshreppur,1999,120,4,31
Eyja- og Miklaholtshreppur,2000,115,5,31
Eyja- og Miklaholtshreppur,2001,117,6,27
Eyja- og Miklaholtshreppur,2002,117,4,24
Eyja- og Miklaholtshreppur,2003,115,3,26
Eyja- og Miklaholtshreppur,2004,129,6,25
Eyja- og Miklaholtshreppur,2005,139,11,24
Eyja- og Miklaholtshreppur,2006,139,7,25
Eyja- og Miklaholtshreppur,2007,140,10,27
Eyja- og Miklaholtshreppur,2008,128,9,24
Eyja- og Miklaholtshreppur,2009,129,9,24
Eyja- og Miklaholtshreppur,2010,139,12,24
Eyja- og Miklaholtshreppur,2011,135,9,19
Eyja- og Miklaholtshreppur,2012,132,11,16
Eyja- og Miklaholtshreppur,2013,158,14,18
Eyja- og Miklaholtshreppur,2014,148,13,19
Eyja- og Miklaholtshreppur,2015,144,8,21
Eyja- og Miklaholtshreppur,2016,138,7,17
Eyja- og Miklaholtshreppur,2017,120,7,15
Eyja- og Miklaholtshreppur,2018,129,9,19
Eyja- og Miklaholtshreppur,2019,117,5,15
Eyja- og Miklaholtshreppur,2020,124,8,16
Eyja- og Miklaholtshreppur,2021,119,6,14
Eyja- og Miklaholtshreppur,2022,102,2,10
Eyja- og Miklaholtshreppur,2023,114,6,14
Snæfellsbær,1998,1743,165,427
Snæfellsbær,1999,1728,162,418
Snæfellsbær,2000,1719,149,401
Snæfellsbær,2001,1734,166,389
Snæfellsbær,2002,1804,194,395
Snæfellsbær,2003,1778,196,382
Snæfellsbær,2004,1747,187,362
Snæfellsbær,2005,1719,189,351
Snæfellsbær,2006,1731,197,346
Snæfellsbær,2007,1709,166,356
Snæfellsbær,2008,1716,149,339
Snæfellsbær,2009,1717,154,340
Snæfellsbær,2010,1702,152,332
Snæfellsbær,2011,1723,161,322
Snæfellsbær,2012,1737,156,337
Snæfellsbær,2013,1722,165,323
Snæfellsbær,2014,1691,149,325
Snæfellsbær,2015,1679,140,331
Snæfellsbær,2016,1663,131,323
Snæfellsbær,2017,1625,117,306
Snæfellsbær,2018,1641,101,304
Snæfellsbær,2019,1674,102,321
Snæfellsbær,2020,1674,104,305
Snæfellsbær,2021,1679,103,294
Snæfellsbær,2022,1666,111,290
Snæfellsbær,2023,1678,107,271
Sveitarfélagið Stykkishólmur,1998,1323,120,312
Sveitarfélagið Stykkishólmur,1999,1295,104,299
Sveitarfélagið Stykkishólmur,2000,1273,88,292
Sveitarfélagið Stykkishólmur,2001,1284,84,285
Sveitarfélagið Stykkishólmur,2002,1299,107,282
Sveitarfélagið Stykkishólmur,2003,1277,111,275
Sveitarfélagið Stykkishólmur,2004,1214,104,263
Sveitarfélagið Stykkishólmur,2005,1188,100,251
Sveitarfélagið Stykkishólmur,2006,1220,100,249
Sveitarfélagið Stykkishólmur,2007,1200,96,240
Sveitarfélagið Stykkishólmur,2008,1169,83,227
Sveitarfélagið Stykkishólmur,2009,1171,82,214
Sveitarfélagið Stykkishólmur,2010,1155,66,220
Sveitarfélagið Stykkishólmur,2011,1161,71,220
Sveitarfélagið Stykkishólmur,2012,1165,80,208
Sveitarfélagið Stykkishólmur,2013,1170,89,191
Sveitarfélagið Stykkishólmur,2014,1148,82,185
Sveitarfélagið Stykkishólmur,2015,1160,86,196
Sveitarfélagið Stykkishólmur,2016,1168,88,183
Sveitarfélagið Stykkishólmur,2017,1220,90,190
Sveitarfélagið Stykkishólmur,2018,1235,93,202
Sveitarfélagið Stykkishólmur,2019,1263,101,205
Sveitarfélagið Stykkishólmur,2020,1273,107,201
Sveitarfélagið Stykkishólmur,2021,1262,105,200
Sveitarfélagið Stykkishólmur,2022,1290,107,202
Sveitarfélagið Stykkishólmur,2023,1308,105,204
Dalabyggð,1998,833,62,163
Dalabyggð,1999,797,59,148
Dalabyggð,2000,775,52,142
Dalabyggð,2001,789,60,143
Dalabyggð,2002,749,60,127
Dalabyggð,2003,756,60,130
Dalabyggð,2004,738,55,126
Dalabyggð,2005,711,50,118
Dalabyggð,2006,717,46,123
Dalabyggð,2007,681,42,119
Dalabyggð,2008,709,49,133
Dalabyggð,2009,714,55,125
Dalabyggð,2010,694,52,127
Dalabyggð,2011,684,55,117
Dalabyggð,2012,686,53,119
Dalabyggð,2013,665,54,102
Dalabyggð,2014,673,50,112
Dalabyggð,2015,680,51,121
Dalabyggð,2016,678,46,123
Dalabyggð,2017,673,43,124
Dalabyggð,2018,667,39,120
Dalabyggð,2019,673,34,120
Dalabyggð,2020,639,28,110
Dalabyggð,2021,620,25,106
Dalabyggð,2022,665,31,114
Dalabyggð,2023,653,29,113
Bolungarvíkurkaupstaður,1998,1093,94,257
Bolungarvíkurkaupstaður,1999,1018,90,223
Bolungarvíkurkaupstaður,2000,1001,87,228
Bolungarvíkurkaupstaður,2001,997,87,216
Bolungarvíkurkaupstaður,2002,959,78,207
Bolungarvíkurkaupstaður,2003,951,83,202
Bolungarvíkurkaupstaður,2004,944,83,192
Bolungarvíkurkaupstaður,2005,930,69,190
Bolungarvíkurkaupstaður,2006,920,70,183
Bolungarvíkurkaupstaður,2007,902,67,167
Bolungarvíkurkaupstaður,2008,908,72,176
Bolungarvíkurkaupstaður,2009,966,78,176
Bolungarvíkurkaupstaður,2010,970,78,169
Bolungarvíkurkaupstaður,2011,888,69,163
Bolungarvíkurkaupstaður,2012,889,71,150
Bolungarvíkurkaupstaður,2013,918,79,156
Bolungarvíkurkaupstaður,2014,950,78,172
Bolungarvíkurkaupstaður,2015,923,70,169
Bolungarvíkurkaupstaður,2016,904,72,162
Bolungarvíkurkaupstaður,2017,908,75,167
Bolungarvíkurkaupstaður,2018,945,69,172
Bolungarvíkurkaupstaður,2019,953,65,173
Bolungarvíkurkaupstaður,2020,955,65,169
Bolungarvíkurkaupstaður,2021,958,70,162
Bolungarvíkurkaupstaður,2022,956,71,157
Bolungarvíkurkaupstaður,2023,997,72,160
Ísafjarðarbær,1998,4423,463,993
Ísafjarðarbær,1999,4482,454,974
Ísafjarðarbær,2000,4280,424,934
Ísafjarðarbær,2001,4224,416,926
Ísafjarðarbær,2002,4184,382,919
Ísafjarðarbær,2003,4141,356,913
Ísafjarðarbær,2004,4139,332,908
Ísafjarðarbær,2005,4134,317,914
Ísafjarðarbær,2006,4108,309,897
Ísafjarðarbær,2007,4090,309,857
Ísafjarðarbær,2008,3976,295,812
Ísafjarðarbær,2009,3972,293,808
Ísafjarðarbær,2010,3899,310,750
Ísafjarðarbær,2011,3824,305,719
Ísafjarðarbær,2012,3755,293,699
Ísafjarðarbær,2013,3748,282,680
Ísafjarðarbær,2014,3639,289,611
Ísafjarðarbær,2015,3629,280,604
Ísafjarðarbær,2016,3623,281,590
Ísafjarðarbær,2017,3608,277,582
Ísafjarðarbær,2018,3707,267,579
Ísafjarðarbær,2019,3800,265,606
Ísafjarðarbær,2020,3809,267,598
Ísafjarðarbær,2021,3794,271,591
Ísafjarðarbær,2022,3840,273,577
Ísafjarðarbær,2023,3864,261,615
Reykhólahreppur,1998,335,35,68
Reykhólahreppur,1999,307,23,67
Reykhólahreppur,2000,299,17,68
Reykhólahreppur,2001,311,22,65
Reykhólahreppur,2002,300,14,62
Reykhólahreppur,2003,294,16,56
Reykhólahreppur,2004,279,17,54
Reykhólahreppur,2005,262,16,47
Reykhólahreppur,2006,251,16,46
Reykhólahreppur,2007,255,19,47
Reykhólahreppur,2008,267,27,43
Reykhólahreppur,2009,280,31,46
Reykhólahreppur,2010,291,35,47
Reykhólahreppur,2011,278,30,43
Reykhólahreppur,2012,271,28,37
Reykhólahreppur,2013,280,26,44
Reykhólahreppur,2014,271,25,46
Reykhólahreppur,2015,268,24,48
Reykhólahreppur,2016,267,21,53
Reykhólahreppur,2017,282,24,55
Reykhólahreppur,2018,275,26,48
Reykhólahreppur,2019,258,25,50
Reykhólahreppur,2020,262,21,56
Reykhólahreppur,2021,236,14,49
Reykhólahreppur,2022,233,15,42
Reykhólahreppur,2023,242,18,41
Tálknafjarðarhreppur,1998,327,41,78
Tálknafjarðarhreppur,1999,348,44,81
Tálknafjarðarhreppur,2000,367,46,83
Tálknafjarðarhreppur,2001,367,48,78
Tálknafjarðarhreppur,2002,373,46,84
Tálknafjarðarhreppur,2003,346,33,83
Tálknafjarðarhreppur,2004,346,33,82
Tálknafjarðarhreppur,2005,325,28,80
Tálknafjarðarhreppur,2006,302,27,64
Tálknafjarðarhreppur,2007,293,26,56
Tálknafjarðarhreppur,2008,295,25,56
Tálknafjarðarhreppur,2009,308,30,60
Tálknafjarðarhreppur,2010,299,28,56
Tálknafjarðarhreppur,2011,306,28,65
Tálknafjarðarhreppur,2012,276,26,59
Tálknafjarðarhreppur,2013,293,26,62
Tálknafjarðarhreppur,2014,297,28,63
Tálknafjarðarhreppur,2015,305,28,61
Tálknafjarðarhreppur,2016,267,21,50
Tálknafjarðarhreppur,2017,236,13,50
Tálknafjarðarhreppur,2018,244,13,39
Tálknafjarðarhreppur,2019,258,12,48
Tálknafjarðarhreppur,2020,251,13,49
Tálknafjarðarhreppur,2021,268,16,50
Tálknafjarðarhreppur,2022,255,13,51
Tálknafjarðarhreppur,2023,268,14,47
Vesturbyggð,1998,1254,125,294
Vesturbyggð,1999,1254,103,291
Vesturbyggð,2000,1229,97,281
Vesturbyggð,2001,1162,86,265
Vesturbyggð,2002,1141,79,254
Vesturbyggð,2003,1122,95,229
Vesturbyggð,2004,1073,87,217
Vesturbyggð,2005,1019,80,195
Vesturbyggð,2006,964,75,180
Vesturbyggð,2007,939,54,183
Vesturbyggð,2008,928,60,173
Vesturbyggð,2009,900,57,179
Vesturbyggð,2010,935,67,168
Vesturbyggð,2011,890,63,150
Vesturbyggð,2012,910,68,141
Vesturbyggð,2013,941,78,145
Vesturbyggð,2014,949,73,146
Vesturbyggð,2015,1002,81,163
Vesturbyggð,2016,1013,75,174
Vesturbyggð,2017,1030,78,179
Vesturbyggð,2018,1024,81,177
Vesturbyggð,2019,998,73,173
Vesturbyggð,2020,1021,84,147
Vesturbyggð,2021,1064,87,156
Vesturbyggð,2022,1131,94,145
Vesturbyggð,2023,1182,94,145
Súðavíkurhreppur,1998,271,35,55
Súðavíkurhreppur,1999,261,30,45
Súðavíkurhreppur,2000,255,31,49
Súðavíkurhreppur,2001,234,28,37
Súðavíkurhreppur,2002,222,20,38
Súðavíkurhreppur,2003,235,24,40
Súðavíkurhreppur,2004,228,22,46
Súðavíkurhreppur,2005,235,19,50
Súðavíkurhreppur,2006,240,24,45
Súðavíkurhreppur,2007,225,23,45
Súðavíkurhreppur,2008,214,22,38
Súðavíkurhreppur,2009,212,16,41
Súðavíkurhreppur,2010,202,13,43
Súðavíkurhreppur,2011,192,13,36
Súðavíkurhreppur,2012,182,8,38
Súðavíkurhreppur,2013,179,7,35
Súðavíkurhreppur,2014,202,15,37
Súðavíkurhreppur,2015,204,16,32
Súðavíkurhreppur,2016,184,12,28
Súðavíkurhreppur,2017,186,14,25
Súðavíkurhreppur,2018,196,14,29
Súðavíkurhreppur,2019,204,16,31
Súðavíkurhreppur,2020,208,10,31
Súðavíkurhreppur,2021,201,13,24
Súðavíkurhreppur,2022,215,12,20
Súðavíkurhreppur,2023,235,14,22
Árneshreppur,1998,72,1,15
Árneshreppur,1999,71,0,15
Árneshreppur,2000,67,0,13
Árneshreppur,2001,60,1,9
Árneshreppur,2002,59,3,8
Árneshreppur,2003,59,3,7
Árneshreppur,2004,56,1,8
Árneshreppur,2005,57,2,8
Árneshreppur,2006,50,1,6
Árneshreppur,2007,49,1,7
Árneshreppur,2008,48,1,7
Árneshreppur,2009,49,2,6
Árneshreppur,2010,50,4,6
Árneshreppur,2011,52,3,6
Árneshreppur,2012,52,3,4
Árneshreppur,2013,54,2,8
Árneshreppur,2014,53,3,6
Árneshreppur,2015,54,2,7
Árneshreppur,2016,55,1,8
Árneshreppur,2017,46,0,5
Árneshreppur,2018,43,0,2
Árneshreppur,2019,40,0,2
Árneshreppur,2020,43,0,1
Árneshreppur,2021,42,0,0
Árneshreppur,2022,42,0,0
Árneshreppur,2023,47,0,1
Kaldrananeshreppur,1998,142,11,33
Kaldrananeshreppur,1999,142,16,29
Kaldrananeshreppur,2000,144,16,28
Kaldrananeshreppur,2001,131,13,26
Kaldrananeshreppur,2002,134,14,22
Kaldrananeshreppur,2003,133,11,23
Kaldrananeshreppur,2004,127,11,21
Kaldrananeshreppur,2005,117,8,20
Kaldrananeshreppur,2006,112,7,21
Kaldrananeshreppur,2007,101,4,21
Kaldrananeshreppur,2008,103,4,16
Kaldrananeshreppur,2009,110,4,16
Kaldrananeshreppur,2010,112,6,18
Kaldrananeshreppur,2011,106,6,16
Kaldrananeshreppur,2012,104,6,16
Kaldrananeshreppur,2013,100,5,13
Kaldrananeshreppur,2014,105,8,15
Kaldrananeshreppur,2015,112,11,19
Kaldrananeshreppur,2016,103,7,15
Kaldrananeshreppur,2017,106,8,14
Kaldrananeshreppur,2018,109,8,11
Kaldrananeshreppur,2019,103,5,9
Kaldrananeshreppur,2020,109,1,11
Kaldrananeshreppur,2021,110,2,9
Kaldrananeshreppur,2022,109,1,8
Kaldrananeshreppur,2023,116,2,11
Strandabyggð,1998,639,54,141
Strandabyggð,1999,620,50,138
Strandabyggð,2000,577,43,124
Strandabyggð,2001,573,47,122
Strandabyggð,2002,541,42,112
Strandabyggð,2003,540,46,115
Strandabyggð,2004,544,54,117
Strandabyggð,2005,518,42,112
Strandabyggð,2006,499,36,107
Strandabyggð,2007,507,34,109
Strandabyggð,2008,499,38,101
Strandabyggð,2009,490,34,103
Strandabyggð,2010,508,32,112
Strandabyggð,2011,501,36,106
Strandabyggð,2012,516,42,104
Strandabyggð,2013,518,37,103
Strandabyggð,2014,506,33,94
Strandabyggð,2015,473,28,80
Strandabyggð,2016,467,35,80
Strandabyggð,2017,468,36,84
Strandabyggð,2018,451,24,73
Strandabyggð,2019,449,25,63
Strandabyggð,2020,457,30,65
Strandabyggð,2021,435,29,62
Strandabyggð,2022,424,28,57
Strandabyggð,2023,428,25,54
Húnaþing vestra,1998,1412,98,316
Húnaþing vestra,1999,1378,106,299
Húnaþing vestra,2000,1334,101,270
Húnaþing vestra,2001,1321,100,258
Húnaþing vestra,2002,1312,99,236
Húnaþing vestra,2003,1297,106,239
Húnaþing vestra,2004,1279,108,236
Húnaþing vestra,2005,1278,110,234
Húnaþing vestra,2006,1279,108,239
Húnaþing vestra,2007,1267,106,235
Húnaþing vestra,2008,1253,109,227
Húnaþing vestra,2009,1245,109,227
Húnaþing vestra,2010,1212,98,211
Húnaþing vestra,2011,1222,90,224
Húnaþing vestra,2012,1187,77,224
Húnaþing vestra,2013,1177,69,223
Húnaþing vestra,2014,1173,70,218
Húnaþing vestra,2015,1171,60,219
Húnaþing vestra,2016,1160,65,196
Húnaþing vestra,2017,1174,70,207
Húnaþing vestra,2018,1193,74,195
Húnaþing vestra,2019,1181,71,186
Húnaþing vestra,2020,1211,75,193
Húnaþing vestra,2021,1222,74,194
Húnaþing vestra,2022,1226,71,197
Húnaþing vestra,2023,1258,75,194
Sveitarfélagið Skagaströnd,1998,628,70,147
Sveitarfélagið Skagaströnd,1999,601,68,135
Sveitarfélagið Skagaströnd,2000,615,68,148
Sveitarfélagið Skagaströnd,2001,612,66,134
Sveitarfélagið Skagaströnd,2002,618,67,142
Sveitarfélagið Skagaströnd,2003,600,60,135
Sveitarfélagið Skagaströnd,2004,582,62,129
Sveitarfélagið Skagaströnd,2005,558,59,124
Sveitarfélagið Skagaströnd,2006,545,58,119
Sveitarfélagið Skagaströnd,2007,532,53,113
Sveitarfélagið Skagaströnd,2008,530,53,109
Sveitarfélagið Skagaströnd,2009,521,49,113
Sveitarfélagið Skagaströnd,2010,519,45,116
Sveitarfélagið Skagaströnd,2011,530,40,123
Sveitarfélagið Skagaströnd,2012,504,36,116
Sveitarfélagið Skagaströnd,2013,506,37,113
Sveitarfélagið Skagaströnd,2014,498,35,106
Sveitarfélagið Skagaströnd,2015,488,35,106
Sveitarfélagið Skagaströnd,2016,489,37,100
Sveitarfélagið Skagaströnd,2017,479,31,100
Sveitarfélagið Skagaströnd,2018,482,32,95
Sveitarfélagið Skagaströnd,2019,452,24,93
Sveitarfélagið Skagaströnd,2020,473,23,93
Sveitarfélagið Skagaströnd,2021,470,26,90
Sveitarfélagið Skagaströnd,2022,483,37,86
Sveitarfélagið Skagaströnd,2023,484,39,86
Skagabyggð,1998,91,8,14
Skagabyggð,1999,98,9,15
Skagabyggð,2000,102,10,17
Skagabyggð,2001,105,13,18
Skagabyggð,2002,103,12,19
Skagabyggð,2003,99,13,18
Skagabyggð,2004,97,10,21
Skagabyggð,2005,101,10,22
Skagabyggð,2006,99,10,22
Skagabyggð,2007,96,7,22
Skagabyggð,2008,105,7,25
Skagabyggð,2009,102,4,27
Skagabyggð,2010,106,6,28
Skagabyggð,2011,105,6,27
Skagabyggð,2012,104,8,27
Skagabyggð,2013,100,6,26
Skagabyggð,2014,98,5,26
Skagabyggð,2015,99,4,22
Skagabyggð,2016,109,6,24
Skagabyggð,2017,101,3,20
Skagabyggð,2018,93,5,19
Skagabyggð,2019,90,5,19
Skagabyggð,2020,90,6,18
Skagabyggð,2021,92,6,16
Skagabyggð,2022,90,7,15
Skagabyggð,2023,89,6,14
Húnabyggð,1998,1585,141,351
Húnabyggð,1999,1575,136,335
Húnabyggð,2000,1508,133,316
Húnabyggð,2001,1501,129,317
Húnabyggð,2002,1473,120,307
Húnabyggð,2003,1453,120,295
Húnabyggð,2004,1443,118,293
Húnabyggð,2005,1403,98,288
Húnabyggð,2006,1369,95,289
Húnabyggð,2007,1357,94,272
Húnabyggð,2008,1353,92,265
Húnabyggð,2009,1335,93,258
Húnabyggð,2010,1313,89,249
Húnabyggð,2011,1321,98,242
Húnabyggð,2012,1283,97,224
Húnabyggð,2013,1283,97,235
Húnabyggð,2014,1290,105,245
Húnabyggð,2015,1275,99,240
Húnabyggð,2016,1268,101,232
Húnabyggð,2017,1274,89,238
Húnabyggð,2018,1278,94,233
Húnabyggð,2019,1310,101,221
Húnabyggð,2020,1309,94,229
Húnabyggð,2021,1322,102,226
Húnabyggð,2022,1312,97,230
Húnabyggð,2023,1295,97,219
Skagafjörður,1998,4536,414,994
Skagafjörður,1999,4434,381,981
Skagafjörður,2000,4411,371,967
Skagafjörður,2001,4421,389,913
Skagafjörður,2002,4394,381,900
Skagafjörður,2003,4410,371,922
Skagafjörður,2004,4411,367,912
Skagafjörður,2005,4359,367,895
Skagafjörður,2006,4331,351,892
Skagafjörður,2007,4305,332,884
Skagafjörður,2008,4241,316,845
Skagafjörður,2009,4296,324,844
Skagafjörður,2010,4340,335,832
Skagafjörður,2011,4315,324,816
Skagafjörður,2012,4221,276,792
Skagafjörður,2013,4205,299,772
Skagafjörður,2014,4186,305,751
Skagafjörður,2015,4104,303,724
Skagafjörður,2016,4102,310,707
Skagafjörður,2017,4128,298,714
Skagafjörður,2018,4149,316,708
Skagafjörður,2019,4194,305,696
Skagafjörður,2020,4239,293,690
Skagafjörður,2021,4294,308,710
Skagafjörður,2022,4294,300,712
Skagafjörður,2023,4306,305,703
Akureyrarbær,1998,15428,1487,3283
Akureyrarbær,1999,15442,1474,3235
Akureyrarbær,2000,15456,1471,3197
Akureyrarbær,2001,15692,1489,3177
Akureyrarbær,2002,15947,1515,3215
Akureyrarbær,2003,16142,1514,3276
Akureyrarbær,2004,16359,1556,3322
Akureyrarbær,2005,16568,1499,3424
Akureyrarbær,2006,16859,1527,3437
Akureyrarbær,2007,16921,1523,3436
Akureyrarbær,2008,17423,1584,3511
Akureyrarbær,2009,17633,1607,3515
Akureyrarbær,2010,17573,1582,3486
Akureyrarbær,2011,17754,1642,3434
Akureyrarbær,2012,17875,1651,3423
Akureyrarbær,2013,17966,1639,3418
Akureyrarbær,2014,18103,1575,3437
Akureyrarbær,2015,18191,1530,3454
Akureyrarbær,2016,18294,1498,3467
Akureyrarbær,2017,18488,1429,3548
Akureyrarbær,2018,18787,1446,3527
Akureyrarbær,2019,18925,1369,3571
Akureyrarbær,2020,19025,1307,3561
Akureyrarbær,2021,19219,1279,3561
Akureyrarbær,2022,19642,1345,3550
Akureyrarbær,2023,19893,1321,3499
Norðurþing,1998,3471,363,769
Norðurþing,1999,3454,339,767
Norðurþing,2000,3390,315,750
Norðurþing,2001,3333,296,738
Norðurþing,2002,3254,268,724
Norðurþing,2003,3219,249,713
Norðurþing,2004,3155,235,679
Norðurþing,2005,3094,220,666
Norðurþing,2006,3027,201,649
Norðurþing,2007,3011,197,634
Norðurþing,2008,2983,207,588
Norðurþing,2009,3001,202,603
Norðurþing,2010,2926,205,552
Norðurþing,2011,2905,204,521
Norðurþing,2012,2884,203,505
Norðurþing,2013,2864,193,492
Norðurþing,2014,2822,175,474
Norðurþing,2015,2806,179,468
Norðurþing,2016,2825,171,450
Norðurþing,2017,2963,168,433
Norðurþing,2018,3234,184,423
Norðurþing,2019,3042,191,409
Norðurþing,2020,3115,208,409
Norðurþing,2021,3030,208,420
Norðurþing,2022,3041,200,425
Norðurþing,2023,3156,214,433
Fjallabyggð,1998,2731,257,620
Fjallabyggð,1999,2690,251,598
Fjallabyggð,2000,2633,237,571
Fjallabyggð,2001,2594,216,562
Fjallabyggð,2002,2542,204,548
Fjallabyggð,2003,2495,178,533
Fjallabyggð,2004,2428,167,508
Fjallabyggð,2005,2371,155,488
Fjallabyggð,2006,2296,141,465
Fjallabyggð,2007,2280,125,438
Fjallabyggð,2008,2195,105,405
Fjallabyggð,2009,2127,94,385
Fjallabyggð,2010,2066,99,383
Fjallabyggð,2011,2030,105,360
Fjallabyggð,2012,2035,109,357
Fjallabyggð,2013,2012,121,331
Fjallabyggð,2014,2010,128,307
Fjallabyggð,2015,2037,132,293
Fjallabyggð,2016,2025,136,277
Fjallabyggð,2017,2033,139,279
Fjallabyggð,2018,2015,131,270
Fjallabyggð,2019,2007,117,276
Fjallabyggð,2020,2006,132,264
Fjallabyggð,2021,1970,123,260
Fjallabyggð,2022,1966,133,262
Fjallabyggð,2023,1977,135,275
Dalvíkurbyggð,1998,2082,196,492
Dalvíkurbyggð,1999,2061,210,478
Dalvíkurbyggð,2000,2050,221,473
Dalvíkurbyggð,2001,2034,213,481
Dalvíkurbyggð,2002,2012,198,463
Dalvíkurbyggð,2003,2035,200,452
Dalvíkurbyggð,2004,2021,191,464
Dalvíkurbyggð,2005,1944,175,448
Dalvíkurbyggð,2006,1924,158,447
Dalvíkurbyggð,2007,1958,151,449
Dalvíkurbyggð,2008,1959,147,427
Dalvíkurbyggð,2009,1947,157,415
Dalvíkurbyggð,2010,1949,167,403
Dalvíkurbyggð,2011,1960,172,375
Dalvíkurbyggð,2012,1900,159,366
Dalvíkurbyggð,2013,1864,154,376
Dalvíkurbyggð,2014,1867,148,365
Dalvíkurbyggð,2015,1861,142,367
Dalvíkurbyggð,2016,1840,135,355
Dalvíkurbyggð,2017,1831,136,335
Dalvíkurbyggð,2018,1880,145,333
Dalvíkurbyggð,2019,1905,147,321
Dalvíkurbyggð,2020,1903,128,316
Dalvíkurbyggð,2021,1855,111,316
Dalvíkurbyggð,2022,1860,122,306
Dalvíkurbyggð,2023,1906,128,315
Eyjafjarðarsveit,1998,936,84,236
Eyjafjarðarsveit,1999,952,83,237
Eyjafjarðarsveit,2000,964,79,236
Eyjafjarðarsveit,2001,982,74,237
Eyjafjarðarsveit,2002,979,81,230
Eyjafjarðarsveit,2003,975,81,231
Eyjafjarðarsveit,2004,956,79,231
Eyjafjarðarsveit,2005,993,90,239
Eyjafjarðarsveit,2006,981,83,241
Eyjafjarðarsveit,2007,1004,86,247
Eyjafjarðarsveit,2008,1009,83,248
Eyjafjarðarsveit,2009,1039,91,252
Eyjafjarðarsveit,2010,1025,86,248
Eyjafjarðarsveit,2011,1025,74,261
Eyjafjarðarsveit,2012,1031,68,254
Eyjafjarðarsveit,2013,1012,71,241
Eyjafjarðarsveit,2014,1026,74,234
Eyjafjarðarsveit,2015,1032,81,225
Eyjafjarðarsveit,2016,1035,76,216
Eyjafjarðarsveit,2017,1015,73,198
Eyjafjarðarsveit,2018,1016,73,190
Eyjafjarðarsveit,2019,1042,73,191
Eyjafjarðarsveit,2020,1077,85,208
Eyjafjarðarsveit,2021,1097,77,217
Eyjafjarðarsveit,2022,1119,81,220
Eyjafjarðarsveit,2023,1171,93,227
Hörgársveit,1998,613,55,127
Hörgársveit,1999,582,55,125
Hörgársveit,2000,580,51,122
Hörgársveit,2001,584,45,133
Hörgársveit,2002,572,47,118
Hörgársveit,2003,559,39,124
Hörgársveit,2004,560,35,123
Hörgársveit,2005,572,35,127
Hörgársveit,2006,571,38,126
Hörgársveit,2007,587,37,130
Hörgársveit,2008,589,35,128
Hörgársveit,2009,590,42,127
Hörgársveit,2010,607,38,119
Hörgársveit,2011,600,35,121
Hörgársveit,2012,584,31,121
Hörgársveit,2013,566,24,115
Hörgársveit,2014,559,25,107
Hörgársveit,2015,567,32,106
Hörgársveit,2016,557,28,102
Hörgársveit,2017,574,35,105
Hörgársveit,2018,580,37,98
Hörgársveit,2019,616,42,109
Hörgársveit,2020,623,49,98
Hörgársveit,2021,653,56,95
Hörgársveit,2022,704,72,98
Hörgársveit,2023,780,79,105
Svalbarðsstrandarhreppur,1998,342,35,88
Svalbarðsstrandarhreppur,1999,325,28,86
Svalbarðsstrandarhreppur,2000,341,32,90
Svalbarðsstrandarhreppur,2001,354,32,93
Svalbarðsstrandarhreppur,2002,375,33,97
Svalbarðsstrandarhreppur,2003,374,27,94
Svalbarðsstrandarhreppur,2004,377,26,93
Svalbarðsstrandarhreppur,2005,366,30,90
Svalbarðsstrandarhreppur,2006,383,30,90
Svalbarðsstrandarhreppur,2007,381,31,89
Svalbarðsstrandarhreppur,2008,390,35,87
Svalbarðsstrandarhreppur,2009,396,32,87
Svalbarðsstrandarhreppur,2010,413,35,84
Svalbarðsstrandarhreppur,2011,400,32,73
Svalbarðsstrandarhreppur,2012,390,33,68
Svalbarðsstrandarhreppur,2013,414,36,70
Svalbarðsstrandarhreppur,2014,387,33,59
Svalbarðsstrandarhreppur,2015,414,34,56
Svalbarðsstrandarhreppur,2016,438,36,61
Svalbarðsstrandarhreppur,2017,451,29,65
Svalbarðsstrandarhreppur,2018,483,33,68
Svalbarðsstrandarhreppur,2019,491,36,71
Svalbarðsstrandarhreppur,2020,483,40,68
Svalbarðsstrandarhreppur,2021,441,41,67
Svalbarðsstrandarhreppur,2022,449,41,69
Svalbarðsstrandarhreppur,2023,485,50,73
Grýtubakkahreppur,1998,377,32,79
Grýtubakkahreppur,1999,378,36,72
Grýtubakkahreppur,2000,374,39,58
Grýtubakkahreppur,2001,380,44,58
Grýtubakkahreppur,2002,395,52,61
Grýtubakkahreppur,2003,390,53,57
Grýtubakkahreppur,2004,395,50,68
Grýtubakkahreppur,2005,387,45,68
Grýtubakkahreppur,2006,367,39,75
Grýtubakkahreppur,2007,369,36,79
Grýtubakkahreppur,2008,354,25,79
Grýtubakkahreppur,2009,338,25,72
Grýtubakkahreppur,2010,337,26,74
Grýtubakkahreppur,2011,334,30,67
Grýtubakkahreppur,2012,350,31,76
Grýtubakkahreppur,2013,360,32,72
Grýtubakkahreppur,2014,353,31,65
Grýtubakkahreppur,2015,364,35,66
Grýtubakkahreppur,2016,357,29,69
Grýtubakkahreppur,2017,352,26,66
Grýtubakkahreppur,2018,372,26,70
Grýtubakkahreppur,2019,371,24,70
Grýtubakkahreppur,2020,370,26,64
Grýtubakkahreppur,2021,371,19,66
Grýtubakkahreppur,2022,369,23,62
Grýtubakkahreppur,2023,379,22,64
Tjörneshreppur,1998,78,4,17
Tjörneshreppur,1999,81,6,18
Tjörneshreppur,2000,73,0,20
Tjörneshreppur,2001,74,0,21
Tjörneshreppur,2002,69,0,17
Tjörneshreppur,2003,66,0,15
Tjörneshreppur,2004,66,0,15
Tjörneshreppur,2005,64,0,12
Tjörneshreppur,2006,63,0,11
Tjörneshreppur,2007,60,0,10
Tjörneshreppur,2008,60,0,8
Tjörneshreppur,2009,58,0,6
Tjörneshreppur,2010,56,0,5
Tjörneshreppur,2011,57,0,6
Tjörneshreppur,2012,55,0,4
Tjörneshreppur,2013,55,1,1
Tjörneshreppur,2014,55,0,3
Tjörneshreppur,2015,59,0,5
Tjörneshreppur,2016,60,0,3
Tjörneshreppur,2017,59,1,2
Tjörneshreppur,2018,58,2,2
Tjörneshreppur,2019,55,1,2
Tjörneshreppur,2020,54,0,4
Tjörneshreppur,2021,56,0,4
Tjörneshreppur,2022,61,0,4
Tjörneshreppur,2023,60,1,4
Þingeyjarsveit,1998,1598,119,327
Þingeyjarsveit,1999,1527,108,305
Þingeyjarsveit,2000,1499,108,305
Þingeyjarsveit,2001,1476,101,301
Þingeyjarsveit,2002,1463,99,301
Þingeyjarsveit,2003,1450,102,298
Þingeyjarsveit,2004,1427,89,310
Þingeyjarsveit,2005,1399,74,301
Þingeyjarsveit,2006,1372,73,299
Þingeyjarsveit,2007,1364,71,285
Þingeyjarsveit,2008,1344,75,273
Þingeyjarsveit,2009,1336,68,258
Þingeyjarsveit,2010,1316,71,242
Þingeyjarsveit,2011,1330,78,230
Þingeyjarsveit,2012,1300,77,215
Þingeyjarsveit,2013,1292,76,220
Þingeyjarsveit,2014,1288,67,208
Þingeyjarsveit,2015,1315,83,206
Þingeyjarsveit,2016,1326,80,195
Þingeyjarsveit,2017,1340,69,186
Þingeyjarsveit,2018,1455,82,190
Þingeyjarsveit,2019,1396,79,192
Þingeyjarsveit,2020,1369,71,188
Þingeyjarsveit,2021,1323,61,186
Þingeyjarsveit,2022,1350,63,191
Þingeyjarsveit,2023,1393,76,189
Langanesbyggð,1998,761,66,150
Langanesbyggð,1999,745,67,143
Langanesbyggð,2000,722,67,132
Langanesbyggð,2001,702,67,121
Langanesbyggð,2002,672,64,122
Langanesbyggð,2003,667,57,126
Langanesbyggð,2004,658,56,120
Langanesbyggð,2005,664,55,117
Langanesbyggð,2006,651,60,116
Langanesbyggð,2007,626,58,118
Langanesbyggð,2008,596,45,113
Langanesbyggð,2009,616,55,119
Langanesbyggð,2010,632,57,130
Langanesbyggð,2011,611,52,126
Langanesbyggð,2012,614,48,133
Langanesbyggð,2013,621,49,128
Langanesbyggð,2014,621,55,122
Langanesbyggð,2015,611,58,106
Langanesbyggð,2016,604,53,109
Langanesbyggð,2017,579,39,103
Langanesbyggð,2018,573,32,95
Langanesbyggð,2019,595,30,97
Langanesbyggð,2020,575,34,86
Langanesbyggð,2021,598,32,89
Langanesbyggð,2022,600,30,91
Langanesbyggð,2023,592,28,79
Fjarðabyggð,1998,4671,406,1030
Fjarðabyggð,1999,4585,399,1024
Fjarðabyggð,2000,4434,382,978
Fjarðabyggð,2001,4308,373,916
Fjarðabyggð,2002,4258,345,889
Fjarðabyggð,2003,4264,325,897
Fjarðabyggð,2004,4319,325,882
Fjarðabyggð,2005,4386,342,871
Fjarðabyggð,2006,5088,346,872
Fjarðabyggð,2007,5959,350,911
Fjarðabyggð,2008,5368,356,942
Fjarðabyggð,2009,4920,365,894
Fjarðabyggð,2010,4851,386,894
Fjarðabyggð,2011,4782,367,904
Fjarðabyggð,2012,4790,389,867
Fjarðabyggð,2013,4809,389,860
Fjarðabyggð,2014,4862,431,852
Fjarðabyggð,2015,4933,450,843
Fjarðabyggð,2016,4876,437,832
Fjarðabyggð,2017,4873,431,854
Fjarðabyggð,2018,4962,440,860
Fjarðabyggð,2019,5070,414,894
Fjarðabyggð,2020,5072,410,876
Fjarðabyggð,2021,5079,379,868
Fjarðabyggð,2022,5206,364,897
Fjarðabyggð,2023,5262,343,894
Múlaþing,1998,4323,389,977
Múlaþing,1999,4206,361,926
Múlaþing,2000,4255,363,926
Múlaþing,2001,4262,361,913
Múlaþing,2002,4242,342,914
Múlaþing,2003,4175,319,891
Múlaþing,2004,4299,330,900
Múlaþing,2005,4699,336,892
Múlaþing,2006,5326,344,908
Múlaþing,2007,5988,390,927
Múlaþing,2008,5416,401,905
Múlaþing,2009,5008,412,879
Múlaþing,2010,4750,403,878
Múlaþing,2011,4657,386,851
Múlaþing,2012,4675,383,842
Múlaþing,2013,4692,379,839
Múlaþing,2014,4732,391,845
Múlaþing,2015,4664,391,837
Múlaþing,2016,4681,398,814
Múlaþing,2017,4711,398,807
Múlaþing,2018,4792,398,818
Múlaþing,2019,4866,404,822
Múlaþing,2020,4922,370,832
Múlaþing,2021,5020,370,847
Múlaþing,2022,5057,339,857
Múlaþing,2023,5208,331,882
Vopnafjarðarhreppur,1998,852,68,185
Vopnafjarðarhreppur,1999,820,62,172
Vopnafjarðarhreppur,2000,789,61,158
Vopnafjarðarhreppur,2001,752,54,144
Vopnafjarðarhreppur,2002,743,47,145
Vopnafjarðarhreppur,2003,757,55,139
Vopnafjarðarhreppur,2004,735,53,137
Vopnafjarðarhreppur,2005,728,54,138
Vopnafjarðarhreppur,2006,726,60,133
Vopnafjarðarhreppur,2007,712,54,140
Vopnafjarðarhreppur,2008,699,54,132
Vopnafjarðarhreppur,2009,674,52,118
Vopnafjarðarhreppur,2010,683,52,116
Vopnafjarðarhreppur,2011,668,44,112
Vopnafjarðarhreppur,2012,670,39,111
Vopnafjarðarhreppur,2013,687,41,122
Vopnafjarðarhreppur,2014,695,36,130
Vopnafjarðarhreppur,2015,674,31,121
Vopnafjarðarhreppur,2016,650,27,114
Vopnafjarðarhreppur,2017,645,29,112
Vopnafjarðarhreppur,2018,655,34,115
Vopnafjarðarhreppur,2019,660,44,111
Vopnafjarðarhreppur,2020,659,44,116
Vopnafjarðarhreppur,2021,653,43,108
Vopnafjarðarhreppur,2022,665,54,105
Vopnafjarðarhreppur,2023,661,51,101
Fljótsdalshreppur,1998,100,4,23
Fljótsdalshreppur,1999,96,3,21
Fljótsdalshreppur,2000,90,6,20
Fljótsdalshreppur,2001,86,8,16
Fljótsdalshreppur,2002,82,10,15
Fljótsdalshreppur,2003,84,9,14
Fljótsdalshreppur,2004,100,7,16
Fljótsdalshreppur,2005,260,9,20
Fljótsdalshreppur,2006,376,8,20
Fljótsdalshreppur,2007,526,5,18
Fljótsdalshreppur,2008,394,5,17
Fljótsdalshreppur,2009,135,6,16
Fljótsdalshreppur,2010,89,3,13
Fljótsdalshreppur,2011,80,1,13
Fljótsdalshreppur,2012,78,1,11
Fljótsdalshreppur,2013,80,0,12
Fljótsdalshreppur,2014,68,0,9
Fljótsdalshreppur,2015,75,0,11
Fljótsdalshreppur,2016,74,0,9
Fljótsdalshreppur,2017,81,4,7
Fljótsdalshreppur,2018,76,3,6
Fljótsdalshreppur,2019,74,3,5
Fljótsdalshreppur,2020,86,1,5
Fljótsdalshreppur,2021,98,2,1
Fljótsdalshreppur,2022,103,2,2
Fljótsdalshreppur,2023,96,0,2
Vestmannaeyjabær,1998,4628,525,991
Vestmannaeyjabær,1999,4584,476,1008
Vestmannaeyjabær,2000,4581,445,1027
Vestmannaeyjabær,2001,4527,416,1036
Vestmannaeyjabær,2002,4436,405,1002
Vestmannaeyjabær,2003,4426,396,979
Vestmannaeyjabær,2004,4344,359,961
Vestmannaeyjabær,2005,4215,322,929
Vestmannaeyjabær,2006,4172,291,926
Vestmannaeyjabær,2007,4084,272,903
Vestmannaeyjabær,2008,4055,270,887
Vestmannaeyjabær,2009,4086,277,876
Vestmannaeyjabær,2010,4135,290,847
Vestmannaeyjabær,2011,4142,298,820
Vestmannaeyjabær,2012,4194,306,799
Vestmannaeyjabær,2013,4221,306,778
Vestmannaeyjabær,2014,4264,321,752
Vestmannaeyjabær,2015,4272,320,744
Vestmannaeyjabær,2016,4282,312,734
Vestmannaeyjabær,2017,4292,311,710
Vestmannaeyjabær,2018,4284,296,711
Vestmannaeyjabær,2019,4301,297,687
Vestmannaeyjabær,2020,4355,271,679
Vestmannaeyjabær,2021,4347,267,686
Vestmannaeyjabær,2022,4414,286,699
Vestmannaeyjabær,2023,4523,306,699
Sveitarfélagið Árborg,1998,5486,527,1201
Sveitarfélagið Árborg,1999,5508,526,1180
Sveitarfélagið Árborg,2000,5691,540,1220
Sveitarfélagið Árborg,2001,5858,559,1234
Sveitarfélagið Árborg,2002,6050,564,1278
Sveitarfélagið Árborg,2003,6195,560,1318
Sveitarfélagið Árborg,2004,6344,574,1351
Sveitarfélagið Árborg,2005,6530,583,1376
Sveitarfélagið Árborg,2006,6987,654,1468
Sveitarfélagið Árborg,2007,7311,716,1489
Sveitarfélagið Árborg,2008,7635,747,1538
Sveitarfélagið Árborg,2009,7922,797,1577
Sveitarfélagið Árborg,2010,7811,762,1559
Sveitarfélagið Árborg,2011,7827,772,1576
Sveitarfélagið Árborg,2012,7783,772,1542
Sveitarfélagið Árborg,2013,7826,738,1551
Sveitarfélagið Árborg,2014,7889,685,1577
Sveitarfélagið Árborg,2015,8052,654,1608
Sveitarfélagið Árborg,2016,8206,634,1626
Sveitarfélagið Árborg,2017,8471,637,1660
Sveitarfélagið Árborg,2018,8995,676,1747
Sveitarfélagið Árborg,2019,9485,709,1873
Sveitarfélagið Árborg,2020,10055,770,1927
Sveitarfélagið Árborg,2021,10452,819,1953
Sveitarfélagið Árborg,2022,10834,847,2035
Sveitarfélagið Árborg,2023,11239,869,2060
Sveitarfélagið Hornafjörður,1998,2476,281,535
Sveitarfélagið Hornafjörður,1999,2446,259,547
Sveitarfélagið Hornafjörður,2000,2395,246,531
Sveitarfélagið Hornafjörður,2001,2372,248,527
Sveitarfélagið Hornafjörður,2002,2335,226,529
Sveitarfélagið Hornafjörður,2003,2331,220,537
Sveitarfélagið Hornafjörður,2004,2301,205,526
Sveitarfélagið Hornafjörður,2005,2220,182,512
Sveitarfélagið Hornafjörður,2006,2181,164,503
Sveitarfélagið Hornafjörður,2007,2181,158,511
Sveitarfélagið Hornafjörður,2008,2125,154,469
Sveitarfélagið Hornafjörður,2009,2112,137,457
Sveitarfélagið Hornafjörður,2010,2086,130,443
Sveitarfélagið Hornafjörður,2011,2119,144,413
Sveitarfélagið Hornafjörður,2012,2143,146,404
Sveitarfélagið Hornafjörður,2013,2166,134,409
Sveitarfélagið Hornafjörður,2014,2167,142,406
Sveitarfélagið Hornafjörður,2015,2150,151,367
Sveitarfélagið Hornafjörður,2016,2171,147,370
Sveitarfélagið Hornafjörður,2017,2187,149,357
Sveitarfélagið Hornafjörður,2018,2306,149,362
Sveitarfélagið Hornafjörður,2019,2389,159,339
Sveitarfélagið Hornafjörður,2020,2434,150,326
Sveitarfélagið Hornafjörður,2021,2387,135,335
Sveitarfélagið Hornafjörður,2022,2450,159,324
Sveitarfélagið Hornafjörður,2023,2547,156,326
Mýrdalshreppur,1998,526,36,125
Mýrdalshreppur,1999,521,34,120
Mýrdalshreppur,2000,520,36,121
Mýrdalshreppur,2001,521,39,120
Mýrdalshreppur,2002,526,37,115
Mýrdalshreppur,2003,505,34,110
Mýrdalshreppur,2004,493,36,105
Mýrdalshreppur,2005,508,37,96
Mýrdalshreppur,2006,504,35,91
Mýrdalshreppur,2007,496,33,92
Mýrdalshreppur,2008,489,35,87
Mýrdalshreppur,2009,489,31,88
Mýrdalshreppur,2010,510,37,99
Mýrdalshreppur,2011,469,29,82
Mýrdalshreppur,2012,459,28,76
Mýrdalshreppur,2013,462,32,69
Mýrdalshreppur,2014,489,33,71
Mýrdalshreppur,2015,480,40,73
Mýrdalshreppur,2016,525,35,69
Mýrdalshreppur,2017,562,39,68
Mýrdalshreppur,2018,633,35,74
Mýrdalshreppur,2019,695,41,71
Mýrdalshreppur,2020,719,38,74
Mýrdalshreppur,2021,758,43,73
Mýrdalshreppur,2022,814,48,67
Mýrdalshreppur,2023,877,47,66
Skaftárhreppur,1998,593,42,125
Skaftárhreppur,1999,586,41,126
Skaftárhreppur,2000,585,37,127
Skaftárhreppur,2001,575,35,121
Skaftárhreppur,2002,543,27,107
Skaftárhreppur,2003,524,22,97
Skaftárhreppur,2004,522,22,101
Skaftárhreppur,2005,507,21,101
Skaftárhreppur,2006,491,19,85
Skaftárhreppur,2007,487,23,80
Skaftárhreppur,2008,469,20,72
Skaftárhreppur,2009,465,18,69
Skaftárhreppur,2010,445,20,58
Skaftárhreppur,2011,446,27,56
Skaftárhreppur,2012,443,22,58
Skaftárhreppur,2013,443,20,57
Skaftárhreppur,2014,452,25,57
Skaftárhreppur,2015,460,24,57
Skaftárhreppur,2016,470,19,56
Skaftárhreppur,2017,475,25,55
Skaftárhreppur,2018,560,32,59
Skaftárhreppur,2019,583,37,57
Skaftárhreppur,2020,627,46,56
Skaftárhreppur,2021,624,50,54
Skaftárhreppur,2022,641,53,52
Skaftárhreppur,2023,680,46,59
Ásahreppur,1998,141,13,28
Ásahreppur,1999,131,13,24
Ásahreppur,2000,129,10,28
Ásahreppur,2001,145,11,30
Ásahreppur,2002,143,12,26
Ásahreppur,2003,140,10,20
Ásahreppur,2004,143,12,20
Ásahreppur,2005,149,11,23
Ásahreppur,2006,164,9,26
Ásahreppur,2007,158,7,23
Ásahreppur,2008,173,8,31
Ásahreppur,2009,178,10,32
Ásahreppur,2010,190,14,33
Ásahreppur,2011,194,17,34
Ásahreppur,2012,204,16,32
Ásahreppur,2013,191,15,32
Ásahreppur,2014,193,17,30
Ásahreppur,2015,216,19,32
Ásahreppur,2016,218,18,36
Ásahreppur,2017,256,20,40
Ásahreppur,2018,247,19,40
Ásahreppur,2019,248,19,38
Ásahreppur,2020,251,15,38
Ásahreppur,2021,271,15,43
Ásahreppur,2022,261,13,46
Ásahreppur,2023,295,14,53
Rangárþing eystra,1998,1702,126,389
Rangárþing eystra,1999,1690,126,383
Rangárþing eystra,2000,1667,118,369
Rangárþing eystra,2001,1654,127,353
Rangárþing eystra,2002,1642,132,352
Rangárþing eystra,2003,1657,130,365
Rangárþing eystra,2004,1665,137,359
Rangárþing eystra,2005,1651,137,354
Rangárþing eystra,2006,1669,132,356
Rangárþing eystra,2007,1696,131,346
Rangárþing eystra,2008,1752,130,338
Rangárþing eystra,2009,1762,137,324
Rangárþing eystra,2010,1745,133,313
Rangárþing eystra,2011,1741,131,310
Rangárþing eystra,2012,1741,130,310
Rangárþing eystra,2013,1735,120,304
Rangárþing eystra,2014,1708,114,296
Rangárþing eystra,2015,1749,120,299
Rangárþing eystra,2016,1774,121,289
Rangárþing eystra,2017,1752,111,301
Rangárþing eystra,2018,1798,103,300
Rangárþing eystra,2019,1924,116,305
Rangárþing eystra,2020,1961,122,297
Rangárþing eystra,2021,1924,110,304
Rangárþing eystra,2022,1971,117,304
Rangárþing eystra,2023,2035,123,295
Rangárþing ytra,1998,1382,127,321
Rangárþing ytra,1999,1371,113,318
Rangárþing ytra,2000,1378,119,301
Rangárþing ytra,2001,1419,115,322
Rangárþing ytra,2002,1431,101,321
Rangárþing ytra,2003,1433,98,319
Rangárþing ytra,2004,1432,100,321
Rangárþing ytra,2005,1446,100,326
Rangárþing ytra,2006,1454,102,317
Rangárþing ytra,2007,1528,116,329
Rangárþing ytra,2008,1557,121,322
Rangárþing ytra,2009,1604,120,322
Rangárþing ytra,2010,1543,112,328
Rangárþing ytra,2011,1523,108,308
Rangárþing ytra,2012,1504,105,285
Rangárþing ytra,2013,1518,95,288
Rangárþing ytra,2014,1553,105,273
Rangárþing ytra,2015,1548,103,257
Rangárþing ytra,2016,1526,115,222
Rangárþing ytra,2017,1537,115,225
Rangárþing ytra,2018,1610,124,224
Rangárþing ytra,2019,1636,132,211
Rangárþing ytra,2020,1682,131,223
Rangárþing ytra,2021,1740,137,240
Rangárþing ytra,2022,1810,146,246
Rangárþing ytra,2023,1866,143,260
Hrunamannahreppur,1998,693,81,166
Hrunamannahreppur,1999,701,83,170
Hrunamannahreppur,2000,718,84,178
Hrunamannahreppur,2001,724,86,175
Hrunamannahreppur,2002,747,83,180
Hrunamannahreppur,2003,739,74,183
Hrunamannahreppur,2004,732,68,188
Hrunamannahreppur,2005,754,65,196
Hrunamannahreppur,2006,766,65,196
Hrunamannahreppur,2007,786,55,205
Hrunamannahreppur,2008,805,48,199
Hrunamannahreppur,2009,793,46,184
Hrunamannahreppur,2010,788,53,186
Hrunamannahreppur,2011,795,53,183
Hrunamannahreppur,2012,774,47,180
Hrunamannahreppur,2013,784,51,167
Hrunamannahreppur,2014,785,44,155
Hrunamannahreppur,2015,794,51,142
Hrunamannahreppur,2016,807,51,137
Hrunamannahreppur,2017,773,44,123
Hrunamannahreppur,2018,774,45,116
Hrunamannahreppur,2019,786,47,108
Hrunamannahreppur,2020,818,55,95
Hrunamannahreppur,2021,822,59,101
Hrunamannahreppur,2022,818,48,104
Hrunamannahreppur,2023,874,59,108
Hveragerðisbær,1998,1668,165,392
Hveragerðisbær,1999,1714,157,405
Hveragerðisbær,2000,1760,147,415
Hveragerðisbær,2001,1816,151,424
Hveragerðisbær,2002,1872,154,430
Hveragerðisbær,2003,1889,145,426
Hveragerðisbær,2004,1902,141,449
Hveragerðisbær,2005,2021,143,471
Hveragerðisbær,2006,2084,157,465
Hveragerðisbær,2007,2184,154,474
Hveragerðisbær,2008,2289,161,485
Hveragerðisbær,2009,2315,172,454
Hveragerðisbær,2010,2291,175,453
Hveragerðisbær,2011,2316,178,462
Hveragerðisbær,2012,2283,172,440
Hveragerðisbær,2013,2291,166,424
Hveragerðisbær,2014,2333,180,423
Hveragerðisbær,2015,2384,184,420
Hveragerðisbær,2016,2463,189,401
Hveragerðisbær,2017,2483,188,385
Hveragerðisbær,2018,2566,185,406
Hveragerðisbær,2019,2628,191,425
Hveragerðisbær,2020,2699,197,424
Hveragerðisbær,2021,2778,205,424
Hveragerðisbær,2022,2984,247,466
Hveragerðisbær,2023,3196,276,490
Sveitarfélagið Ölfus,1998,1526,157,357
Sveitarfélagið Ölfus,1999,1620,173,372
Sveitarfélagið Ölfus,2000,1659,173,379
Sveitarfélagið Ölfus,2001,1683,169,390
Sveitarfélagið Ölfus,2002,1684,159,391
Sveitarfélagið Ölfus,2003,1732,160,389
Sveitarfélagið Ölfus,2004,1701,143,388
Sveitarfélagið Ölfus,2005,1724,137,395
Sveitarfélagið Ölfus,2006,1794,136,401
Sveitarfélagið Ölfus,2007,1846,144,401
Sveitarfélagið Ölfus,2008,1957,149,407
Sveitarfélagið Ölfus,2009,1997,152,420
Sveitarfélagið Ölfus,2010,1952,155,376
Sveitarfélagið Ölfus,2011,1915,152,365
Sveitarfélagið Ölfus,2012,1930,146,366
Sveitarfélagið Ölfus,2013,1900,141,364
Sveitarfélagið Ölfus,2014,1906,144,354
Sveitarfélagið Ölfus,2015,1885,126,351
Sveitarfélagið Ölfus,2016,1956,138,347
Sveitarfélagið Ölfus,2017,2005,137,356
Sveitarfélagið Ölfus,2018,2111,153,375
Sveitarfélagið Ölfus,2019,2153,140,356
Sveitarfélagið Ölfus,2020,2276,158,375
Sveitarfélagið Ölfus,2021,2369,169,395
Sveitarfélagið Ölfus,2022,2481,176,395
Sveitarfélagið Ölfus,2023,2573,194,390
Grímsnes- og Grafningshreppur,1998,298,23,57
Grímsnes- og Grafningshreppur,1999,329,30,65
Grímsnes- og Grafningshreppur,2000,350,30,67
Grímsnes- og Grafningshreppur,2001,327,20,61
Grímsnes- og Grafningshreppur,2002,348,20,65
Grímsnes- og Grafningshreppur,2003,364,19,73
Grímsnes- og Grafningshreppur,2004,343,17,62
Grímsnes- og Grafningshreppur,2005,346,14,65
Grímsnes- og Grafningshreppur,2006,358,18,64
Grímsnes- og Grafningshreppur,2007,376,18,65
Grímsnes- og Grafningshreppur,2008,378,19,61
Grímsnes- og Grafningshreppur,2009,442,27,86
Grímsnes- og Grafningshreppur,2010,415,26,71
Grímsnes- og Grafningshreppur,2011,400,27,62
Grímsnes- og Grafningshreppur,2012,416,22,72
Grímsnes- og Grafningshreppur,2013,422,28,63
Grímsnes- og Grafningshreppur,2014,422,29,62
Grímsnes- og Grafningshreppur,2015,431,35,57
Grímsnes- og Grafningshreppur,2016,465,35,63
Grímsnes- og Grafningshreppur,2017,467,29,58
Grímsnes- og Grafningshreppur,2018,479,38,55
Grímsnes- og Grafningshreppur,2019,493,36,53
Grímsnes- og Grafningshreppur,2020,497,32,63
Grímsnes- og Grafningshreppur,2021,492,22,65
Grímsnes- og Grafningshreppur,2022,525,25,58
Grímsnes- og Grafningshreppur,2023,535,22,56
Skeiða- og Gnúpverjahreppur,1998,558,52,127
Skeiða- og Gnúpverjahreppur,1999,541,48,122
Skeiða- og Gnúpverjahreppur,2000,532,46,125
Skeiða- og Gnúpverjahreppur,2001,533,43,125
Skeiða- og Gnúpverjahreppur,2002,505,36,121
Skeiða- og Gnúpverjahreppur,2003,506,35,117
Skeiða- og Gnúpverjahreppur,2004,520,35,118
Skeiða- og Gnúpverjahreppur,2005,529,40,124
Skeiða- og Gnúpverjahreppur,2006,521,45,120
Skeiða- og Gnúpverjahreppur,2007,528,38,122
Skeiða- og Gnúpverjahreppur,2008,536,44,130
Skeiða- og Gnúpverjahreppur,2009,515,36,125
Skeiða- og Gnúpverjahreppur,2010,517,42,113
Skeiða- og Gnúpverjahreppur,2011,505,37,104
Skeiða- og Gnúpverjahreppur,2012,504,39,92
Skeiða- og Gnúpverjahreppur,2013,504,37,86
Skeiða- og Gnúpverjahreppur,2014,530,34,82
Skeiða- og Gnúpverjahreppur,2015,518,30,73
Skeiða- og Gnúpverjahreppur,2016,521,27,75
Skeiða- og Gnúpverjahreppur,2017,594,34,79
Skeiða- og Gnúpverjahreppur,2018,690,35,90
Skeiða- og Gnúpverjahreppur,2019,626,38,86
Skeiða- og Gnúpverjahreppur,2020,609,45,81
Skeiða- og Gnúpverjahreppur,2021,590,46,88
Skeiða- og Gnúpverjahreppur,2022,576,50,92
Skeiða- og Gnúpverjahreppur,2023,577,47,88
Bláskógabyggð,1998,792,70,188
Bláskógabyggð,1999,792,73,181
Bláskógabyggð,2000,816,69,191
Bláskógabyggð,2001,848,69,194
Bláskógabyggð,2002,885,68,198
Bláskógabyggð,2003,879,56,205
Bláskógabyggð,2004,907,69,213
Bláskógabyggð,2005,893,74,202
Bláskógabyggð,2006,924,72,196
Bláskógabyggð,2007,928,74,198
Bláskógabyggð,2008,982,82,198
Bláskógabyggð,2009,986,83,183
Bláskógabyggð,2010,935,74,170
Bláskógabyggð,2011,935,76,167
Bláskógabyggð,2012,906,64,165
Bláskógabyggð,2013,897,63,155
Bláskógabyggð,2014,931,60,160
Bláskógabyggð,2015,961,65,162
Bláskógabyggð,2016,979,63,148
Bláskógabyggð,2017,1026,66,164
Bláskógabyggð,2018,1115,76,167
Bláskógabyggð,2019,1121,70,164
Bláskógabyggð,2020,1163,72,160
Bláskógabyggð,2021,1144,70,172
Bláskógabyggð,2022,1164,63,191
Bláskógabyggð,2023,1280,65,202
Flóahreppur,1998,496,47,116
Flóahreppur,1999,492,45,116
Flóahreppur,2000,469,31,116
Flóahreppur,2001,491,35,117
Flóahreppur,2002,510,37,108
Flóahreppur,2003,509,36,110
Flóahreppur,2004,510,33,120
Flóahreppur,2005,517,37,116
Flóahreppur,2006,525,45,109
Flóahreppur,2007,559,49,116
Flóahreppur,2008,585,52,120
Flóahreppur,2009,596,48,117
Flóahreppur,2010,602,52,120
Flóahreppur,2011,594,49,120
Flóahreppur,2012,602,49,118
Flóahreppur,2013,639,55,121
Flóahreppur,2014,631,54,117
Flóahreppur,2015,616,52,118
Flóahreppur,2016,619,52,118
Flóahreppur,2017,648,55,125
Flóahreppur,2018,644,51,127
Flóahreppur,2019,667,50,132
Flóahreppur,2020,687,53,132
Flóahreppur,2021,690,47,138
Flóahreppur,2022,694,42,144
Flóahreppur,2023,708,48,137
